first_name,last_name,job_title,department,email,address,phone_number,salary,password
Benjamin,Bell,Local government officer,"Engineer, technical sales",johnstonbonnie@example.com,Walshton,695.963.4016,53422,RCpGTVJm
Erin,Adams,Toxicologist,Medical technical officer,stevensaaron@example.net,Port Adamburgh,+1-868-612-9857x09411,27468,ZLHQSLNy
Jenny,Meadows,Herpetologist,Visual merchandiser,lisa77@example.com,Scottport,+1-548-968-0337x627,79395,LD4FGUyq
James,Hansen,"Engineer, mining",Recycling officer,robert91@example.net,Lake Jamesville,+1-814-789-1360x732,68345,Y8bnjCaH
Rachel,Love,Seismic interpreter,"Psychotherapist, dance movement",jamesfuentes@example.com,West Peter,517-689-8350x02107,67075,EiJ5oPBi
Brandon,Moody,Airline pilot,Medical technical officer,marqueztiffany@example.org,Woodwardstad,+1-571-810-2125x46568,31133,St0eLXdw
Megan,Brown,Advertising art director,"Accountant, chartered certified",dmoore@example.com,Davisland,(795)927-1500x067,64797,yLLtmxmm
Richard,Wright,Museum/gallery exhibitions officer,Tourism officer,spenceraaron@example.net,Lake Danielle,(776)292-6604,25131,ARH0ZoB1
George,Jones,Printmaker,Lobbyist,jameswarren@example.net,Smithside,689.287.4376x59105,73211,mM1SHb2u
Morgan,Prince,Land/geomatics surveyor,Armed forces operational officer,romerobradley@example.net,Port Rogermouth,001-563-949-2860,29027,VDmNXKaF
David,Marshall,"Nurse, learning disability",Computer games developer,williamtorres@example.net,South Michael,001-569-919-2605x573,23742,rETsAgqP
Hannah,Solis,Photographer,Customer service manager,keithapril@example.com,New Sharonshire,(533)213-0148,71613,Dy9ltW0g
Harold,Green,Air broker,Retail banker,thomasjones@example.com,East Mark,(654)755-5134,91851,QxQTmWTj
Luis,Fry,Acupuncturist,"Designer, multimedia",smiller@example.org,West Elizabeth,906-340-7660x345,3219,a9VPSxaL
Rachel,Macias,Sub,Technical sales engineer,mcleanjesse@example.com,North Aimeehaven,815.432.1429x7045,93121,lxDm7il3
Matthew,Mcbride,Aeronautical engineer,Visual merchandiser,gtran@example.com,South Matthewland,4865244019,65532,mGUYPsYq
Johnny,Martinez,Futures trader,Professor Emeritus,kristina78@example.net,Davisborough,(717)771-6571,91989,abg0rkCu
Frederick,Chapman,Estate manager/land agent,Occupational psychologist,zking@example.org,Gonzalezbury,001-452-565-0481x87102,2265,AxWAI40Z
Stephanie,Lawrence,"Research officer, government",Barista,rose54@example.com,East Justin,001-606-425-8634x94506,72791,0Y0uQBAA
David,Smith,Arts administrator,"Scientist, research (physical sciences)",christopher50@example.com,South Alyssa,+1-373-528-5705x585,27461,zA3klm0G
Megan,Liu,Arts development officer,Art gallery manager,michaelfrench@example.com,Port Christy,+1-737-246-5510x36528,14273,hYs6RkGz
Tristan,Smith,"Lighting technician, broadcasting/film/video",Visual merchandiser,edwardbaker@example.net,Smithville,+1-403-386-3953x075,75625,hkGvUXLm
Jennifer,Webster,"Buyer, retail","Administrator, sports",belinda91@example.org,East Monicaton,871-438-1695x553,86990,xjZc1ifs
James,Hurley,Restaurant manager,Airline pilot,ruthkent@example.com,Deanport,670.532.4258,12390,msNsR9hD
Rebecca,Lee,Computer games developer,"Scientist, product/process development",vanessawhitney@example.org,East Kevin,821.204.6858,48989,mbdC2osh
Rick,Case,Location manager,Architectural technologist,ethompson@example.net,Lake Charles,274-976-1941x63735,90837,2fxiCndK
Chelsey,Gonzalez,Garment/textile technologist,Agricultural engineer,tommy24@example.net,Ericside,918.260.2767x6702,54511,j15mYaIw
Jack,Oliver,"Engineer, manufacturing",Occupational therapist,alvaradobrenda@example.org,New Richard,(571)362-1590,51851,rUiBp0GZ
Tony,Lowery,Child psychotherapist,Child psychotherapist,opittman@example.com,Jasminbury,2279540485,19678,954yq5sF
Jason,Marks,Theme park manager,Sales executive,alyons@example.com,New Karen,+1-634-641-0809x527,67609,I9cBwJSI
Alyssa,Payne,Management consultant,Quality manager,robertburns@example.net,North James,001-630-631-2868x78532,90418,lDvubN3l
Mason,Brown,Legal executive,Hospital pharmacist,john01@example.com,Port Joshua,732.983.1301x80451,89834,Uv1rkEUb
Donald,Wolfe,Illustrator,Administrator,nharding@example.org,Parktown,423-467-5141x27404,30190,gl3vh0pm
Sherri,Bates,Building surveyor,Primary school teacher,benjaminlewis@example.org,Reevesburgh,(652)323-6884,49383,zvRHmOBl
Cynthia,Rodriguez,Farm manager,"Programmer, multimedia",amanda39@example.org,New Jason,9577098126,49355,CazkQl9S
Sharon,Knight,Sports development officer,"Scientist, research (medical)",rayzachary@example.com,New Joannbury,001-645-535-1465x7405,54851,mqpl3sGv
Stacy,Ellis,English as a foreign language teacher,Film/video editor,perryandrew@example.com,Lake Andrewport,836.545.1942x03852,80636,MYl81sV2
Joshua,Stewart,Animal technologist,Cabin crew,justinfrench@example.net,Michelleside,(877)942-6096,22582,a6m8LFHz
Kristine,Oliver,Occupational therapist,Office manager,eileenschultz@example.net,Joshuaberg,4876885055,56318,ZQTl0rUO
Mark,Sandoval,"Production assistant, television",Musician,misty96@example.com,Torresside,672.228.1703,7213,XBjCNZSK
Christopher,Smith,Photographer,"Engineer, chemical",ajennings@example.net,Andreshire,742.820.5428,6079,voWB0Ufm
Timothy,Henry,Leisure centre manager,Freight forwarder,spencergonzales@example.org,Bethhaven,+1-361-412-7484x030,85315,tU369Vj3
Jacob,Fletcher,"Engineer, manufacturing",Operational investment banker,brian52@example.com,Robinsonstad,(906)634-6466x971,4965,6HdqXzcL
Robert,White,Translator,"Scientist, clinical (histocompatibility and immunogenetics)",catherine48@example.net,Jamieshire,001-561-575-0098x28961,81311,LbQyQfzI
Brian,Davis,Nutritional therapist,Human resources officer,pwallace@example.net,Rogermouth,658-286-5674,71976,YjW7jjTm
Lisa,Russell,Legal secretary,Equality and diversity officer,thomas09@example.org,Lake Michael,4868649692,42726,SjNyCnEp
Daniel,Kemp,Land,"Psychologist, educational",cervantesbrandon@example.net,South Courtney,996.835.6277,95803,jMoS2c61
Robert,Bailey,Arboriculturist,Catering manager,andre25@example.com,East Daniel,252.832.6863x0311,32639,hNTQSIVm
Charles,Rodriguez,Electrical engineer,"Engineer, maintenance",zpetty@example.net,South Margaret,641.973.6524,27460,03RBB5ej
Raymond,Perez,"Lecturer, higher education","Lighting technician, broadcasting/film/video",egriffin@example.org,East Danny,246.426.0279,14189,1jlCaPfr
Rhonda,Watson,Publishing copy,"Sales professional, IT",robertdaniel@example.com,Clarkside,+1-225-808-1679,33108,9LGcgjhx
Gloria,Morales,"Conservation officer, nature",Phytotherapist,rhuynh@example.com,Lucasville,(808)463-1325x119,83465,Wln0vI1q
Rachael,Saunders,Environmental consultant,Retail banker,carlos40@example.org,Vazquezside,(348)861-4281x423,99811,7fzOzIyJ
Christopher,Jones,Radiation protection practitioner,"Surveyor, insurance",geoffrey57@example.net,Port Jamesshire,(500)771-3480x936,49629,WRBuUqeE
Joseph,Reeves,"Development worker, international aid","Designer, blown glass/stained glass",angela05@example.com,Sabrinaside,991-736-8785x8537,40581,Km0NfU2A
Travis,Cummings,Technical brewer,English as a second language teacher,zadams@example.com,New Brandyton,+1-243-811-7979x609,93294,ZwiNk4qN
Deborah,Taylor,"Sales professional, IT",Retail banker,hineschristina@example.net,Foxville,(280)625-1274x3524,37236,onsbGPaT
Scott,Gay,Mining engineer,Financial planner,jolson@example.net,Johnbury,(409)709-4999x80007,10224,0wrXqnzK
Ryan,Osborne,Advertising art director,Mechanical engineer,ssmith@example.com,West Melaniehaven,210-982-8314,51412,fMmkEdfT
Kelsey,Gonzalez,Illustrator,Haematologist,jturner@example.net,East Gregoryton,001-207-601-8505x141,10609,mg7dGeX4
Parker,Lyons,"Nurse, children's",Petroleum engineer,folson@example.org,South Jasonland,(278)228-0486,33377,tmIlPOFY
Amy,Wagner,Ship broker,Environmental consultant,hannah27@example.org,Danielfurt,(381)523-9534,48506,VVtFOUfe
Krista,Flores,Podiatrist,Pensions consultant,nicole25@example.com,Thomaston,(443)460-7716x03865,57680,eobaHkrq
Jennifer,Collins,Psychiatric nurse,"Journalist, broadcasting",geverett@example.org,Patrickstad,001-240-506-9042x4986,42475,p71XcU2E
Eric,Rodriguez,Administrator,Horticultural consultant,forozco@example.com,Davidstad,(846)776-4713,68735,kNfg1gQt
Carl,Rodriguez,Immunologist,Futures trader,terrikeller@example.org,Rebeccaton,672-846-5850x2760,47876,2LBtrnF7
Justin,Rowe,Proofreader,"Secretary, company",jeffrey34@example.com,South David,001-649-749-8730x771,94179,ZxnIIW54
Rebecca,Nguyen,General practice doctor,"Social research officer, government",theresa82@example.net,Cameronville,001-869-334-8107,67370,bK1w9R6f
Anthony,Browning,"Teacher, English as a foreign language",Financial manager,deannaanderson@example.net,Richardborough,(920)501-3636x8961,33921,CmFMI8sM
Katherine,Mccullough,Analytical chemist,Education administrator,william40@example.com,New Samuel,292-979-1615,14740,OIzoCiw4
Ashley,Buck,Air broker,Environmental manager,joneschristopher@example.com,New Bradside,+1-384-222-5361x4221,60819,vwOSmPRl
Pamela,Dickson,Visual merchandiser,"Loss adjuster, chartered",robertlee@example.net,Georgeland,001-301-494-3340,67954,pru2F5CD
James,Moore,Purchasing manager,Commissioning editor,ellen59@example.com,New Kevin,309.617.3809,46442,XtG5F6xf
Randall,Bonilla,"Conservator, furniture",Mining engineer,jesus58@example.net,North Marie,001-899-761-4841x4114,8039,mL0YnZpR
Sarah,Harvey,Prison officer,Hydrographic surveyor,juliahernandez@example.com,Derekfort,(468)344-6767x593,46267,Pm9Q49Kt
Robert,Scott,Architect,"Surveyor, commercial/residential",michelleanderson@example.org,West Mariamouth,+1-750-502-8826x5532,65122,3RfD42tu
Rick,Reynolds,Fisheries officer,IT consultant,clayrobert@example.com,North Jessica,524-445-9312,13012,auHERDYI
Sharon,Erickson,"Chemist, analytical","Pilot, airline",basschristopher@example.com,East Larryport,(327)754-2979,81454,2p2qSZPG
Andrew,Davis,"Scientist, audiological",IT consultant,carolross@example.com,Morrishaven,001-255-251-1104x54593,99513,gQuocmoK
Craig,Smith,Media planner,Forensic scientist,steven61@example.org,Jessicaland,788-259-1076x13390,36256,iUK70dUu
Darrell,Davis,"Accountant, chartered public finance",Psychiatrist,wross@example.net,Franklinbury,001-749-438-2258x7750,77321,nuLIGOwW
Joseph,Carter,Multimedia programmer,"Journalist, broadcasting",deborahprice@example.com,Obrienhaven,744-631-0041x5108,20275,IPuzIuF5
Benjamin,Sanchez,Barrister,Paediatric nurse,grivas@example.com,South Dorothy,7604043529,65057,NvYTf89h
Danny,Guerrero,Fish farm manager,"Designer, multimedia",swansondavid@example.net,South Keith,421-904-8670,51768,jpZicqXk
Joyce,Morris,Industrial buyer,Phytotherapist,ifritz@example.org,Nicholasmouth,(496)727-3650x40448,3874,6GvIcbes
Gina,Shields,Research scientist (medical),Production engineer,mark56@example.org,South Sierra,(460)913-5752,69361,QJ7ymRnU
Juan,Frazier,IT sales professional,Pathologist,thomas33@example.net,Lake Nathanielville,(886)859-4032,95368,mMbwdZl0
David,Jones,"Journalist, magazine",Environmental manager,cynthia28@example.com,Lake Dennis,001-405-284-4750x277,93679,WxrGliyG
Wendy,Hutchinson,"Psychologist, occupational","Programmer, systems",pcurry@example.org,Kelseyhaven,985-766-0040x96586,47091,ES0nEtBA
Crystal,Scott,"Scientist, research (medical)",Artist,zhernandez@example.com,New Jessicaport,768-330-8102x4609,93356,Y2IVgVTS
Carrie,Nelson,Engineering geologist,Bonds trader,martinjoshua@example.com,Port Sherryfurt,001-817-412-1931x484,71004,mw2DaB6J
Kyle,Fernandez,"Engineer, electronics",Fitness centre manager,alexisramirez@example.net,Wesleyville,968-450-3101x878,40845,VkHbEewr
Adrian,Thompson,Technical sales engineer,Furniture conservator/restorer,stephenevans@example.net,Evansview,001-581-548-0544x49287,73524,rFDXztDg
Karen,Howard,Technical brewer,Marine scientist,barnettstephen@example.net,West Sherryport,(714)487-6089x82569,85817,u4UqGh7c
Daniel,Rose,"Research officer, government",Brewing technologist,yolanda98@example.com,Lake Eric,939-881-1455x97195,83643,eQMo5cwG
Christian,Long,Actuary,"Engineer, broadcasting (operations)",ymarshall@example.net,Port Deanna,337.686.1517,8087,EutTtnJq
Steven,Nelson,Fast food restaurant manager,Automotive engineer,anthonywright@example.org,West Lisaport,478-227-0211,38837,BoiSIv5i
David,Little,Hydrographic surveyor,"Designer, fashion/clothing",stevenswilliam@example.com,Rebeccaburgh,679-867-6312,69772,992qnvnj
Lauren,Brandt,Personal assistant,Furniture designer,zcoleman@example.com,Lake Daleburgh,(855)245-3312x226,69250,q1eszCTl
Marcus,Carlson,"Teacher, special educational needs",Government social research officer,gsmith@example.com,Jessicashire,479-493-8888,41187,dHLMB4e1
